preview	production	indexing
/new-design/	https://demoreto.com/	index,follow
/new-design/contacto/	https://demoreto.com/contacto/	index,follow
/new-design/restauracion/	https://demoreto.com/restauracion/	index,follow
/new-design/restauracion/arcangel-san-rafael/	https://demoreto.com/restauracion/arcangel-san-rafael/	index,follow
/new-design/restauracion/arcangel-san-miguel/	https://demoreto.com/restauracion/arcangel-san-miguel/	index,follow
/new-design/restauracion/retrato-de-senora/	https://demoreto.com/restauracion/retrato-de-senora/	index,follow
/new-design/restauracion/san-juan-evangelista/	https://demoreto.com/restauracion/san-juan-evangelista/	index,follow
/new-design/restauracion/virgen-de-tomalos/	https://demoreto.com/restauracion/virgen-de-tomalos/	index,follow
/new-design/restauracion/la-piedad/	https://demoreto.com/restauracion/la-piedad/	index,follow
/new-design/restauracion/santiago-clavijo/	https://demoreto.com/restauracion/santiago-clavijo/	index,follow
/new-design/restauracion/retrato-de-hombre/	https://demoreto.com/restauracion/retrato-de-hombre/	index,follow
/new-design/restauracion/retrato-de-nino/	https://demoreto.com/restauracion/retrato-de-nino/	index,follow
/new-design/restauracion/huida-a-egipto/	https://demoreto.com/restauracion/huida-a-egipto/	index,follow
/new-design/restauracion/retrato-balaca/	https://demoreto.com/restauracion/retrato-balaca/	index,follow
/new-design/restauracion/pasmado-del-barniz/	https://demoreto.com/restauracion/pasmado-del-barniz/	index,follow
/new-design/restauracion/el-cid/	https://demoreto.com/restauracion/el-cid/	index,follow
/new-design/restauracion/calvario-anchieta/	https://demoreto.com/restauracion/calvario-anchieta/	index,follow
/new-design/restauracion/florero-baudesson/	https://demoreto.com/restauracion/florero-baudesson/	index,follow
/new-design/restauracion/inmaculada-concepcion/	https://demoreto.com/restauracion/inmaculada-concepcion/	index,follow
/new-design/restauracion/vida-en-el-estudio/	https://demoreto.com/restauracion/vida-en-el-estudio/	index,follow
/new-design/obra/	https://demoreto.com/obra/	index,follow
/new-design/obra/algas/	https://demoreto.com/obra/algas/	index,follow
/new-design/obra/coral/	https://demoreto.com/obra/coral/	index,follow
/new-design/obra/fatuo-1/	https://demoreto.com/obra/fatuo-1/	index,follow
/new-design/obra/agar/	https://demoreto.com/obra/agar/	index,follow
/new-design/obra/la-ola-1/	https://demoreto.com/obra/la-ola-1/	index,follow
/new-design/obra/chapel/	https://demoreto.com/obra/chapel/	index,follow
/new-design/obra/tanguy-2/	https://demoreto.com/obra/tanguy-2/	index,follow
/new-design/obra/nubes-1/	https://demoreto.com/obra/nubes-1/	index,follow
/new-design/obra/doble-b/	https://demoreto.com/obra/doble-b/	index,follow
/new-design/obra/esme-1/	https://demoreto.com/obra/esme-1/	index,follow
/new-design/obra/visc-1/	https://demoreto.com/obra/visc-1/	index,follow
/new-design/obra/marte-1/	https://demoreto.com/obra/marte-1/	index,follow
/new-design/obra/barcelo/	https://demoreto.com/obra/barcelo/	index,follow
/new-design/obra/tanguy-1/	https://demoreto.com/obra/tanguy-1/	index,follow
/new-design/obra/sunset-3/	https://demoreto.com/obra/sunset-3/	index,follow
/new-design/obra/doble-a/	https://demoreto.com/obra/doble-a/	index,follow
/new-design/estudio/	https://demoreto.com/estudio/	index,follow
/new-design/archivo/	https://demoreto.com/archivo/	index,follow
/new-design/archivo/BvbZOqZFfkP/	https://demoreto.com/archivo/BvbZOqZFfkP/	noindex,follow
/new-design/archivo/B9ha5dQDa5i/	https://demoreto.com/archivo/B9ha5dQDa5i/	noindex,follow
/new-design/archivo/B-oa3EijrW_/	https://demoreto.com/archivo/B-oa3EijrW_/	noindex,follow
/new-design/archivo/BtRfCrQlYQp/	https://demoreto.com/archivo/BtRfCrQlYQp/	noindex,follow
/new-design/archivo/CTfZqL_DOvh/	https://demoreto.com/archivo/CTfZqL_DOvh/	noindex,follow
/new-design/archivo/CDV2zpNjUuK/	https://demoreto.com/archivo/CDV2zpNjUuK/	noindex,follow
/new-design/archivo/BvRpPsllPSp/	https://demoreto.com/archivo/BvRpPsllPSp/	noindex,follow
/new-design/archivo/CiHhxW7j5Tt/	https://demoreto.com/archivo/CiHhxW7j5Tt/	noindex,follow
/new-design/archivo/BtIvpMEhs_V/	https://demoreto.com/archivo/BtIvpMEhs_V/	noindex,follow
/new-design/archivo/B76SZO5CzcZ/	https://demoreto.com/archivo/B76SZO5CzcZ/	noindex,follow
/new-design/archivo/CBBiWT8jcby/	https://demoreto.com/archivo/CBBiWT8jcby/	noindex,follow
/new-design/archivo/BvMKrBSHeeO/	https://demoreto.com/archivo/BvMKrBSHeeO/	noindex,follow
/new-design/archivo/B1rkrxtlNRX/	https://demoreto.com/archivo/B1rkrxtlNRX/	noindex,follow
/new-design/archivo/CE6609pDyhg/	https://demoreto.com/archivo/CE6609pDyhg/	noindex,follow
/new-design/archivo/CbZkskVjtue/	https://demoreto.com/archivo/CbZkskVjtue/	noindex,follow
/new-design/archivo/BvbihLOHMG2/	https://demoreto.com/archivo/BvbihLOHMG2/	noindex,follow
/new-design/archivo/CS_doW0j8g-/	https://demoreto.com/archivo/CS_doW0j8g-/	noindex,follow
/new-design/archivo/CQL9b-wK3bQ/	https://demoreto.com/archivo/CQL9b-wK3bQ/	noindex,follow
/new-design/archivo/BxkOrPjiJsA/	https://demoreto.com/archivo/BxkOrPjiJsA/	noindex,follow
/new-design/archivo/BymoY4eCcU9/	https://demoreto.com/archivo/BymoY4eCcU9/	noindex,follow
/new-design/archivo/CBOGTUyDKiR/	https://demoreto.com/archivo/CBOGTUyDKiR/	noindex,follow
/new-design/archivo/CBfPVnFDKQC/	https://demoreto.com/archivo/CBfPVnFDKQC/	noindex,follow
/new-design/archivo/BxkOsx8CTpf/	https://demoreto.com/archivo/BxkOsx8CTpf/	noindex,follow
/new-design/archivo/B6QsNBJilDt/	https://demoreto.com/archivo/B6QsNBJilDt/	noindex,follow
/new-design/archivo/Bvev5L2ntP3/	https://demoreto.com/archivo/Bvev5L2ntP3/	noindex,follow
/new-design/archivo/BvbYco0H5DC/	https://demoreto.com/archivo/BvbYco0H5DC/	noindex,follow
/new-design/archivo/CY015pbjnBi/	https://demoreto.com/archivo/CY015pbjnBi/	noindex,follow
/new-design/archivo/Bu3mI6eHfoB/	https://demoreto.com/archivo/Bu3mI6eHfoB/	noindex,follow
/new-design/archivo/CAvZbNYDLKG/	https://demoreto.com/archivo/CAvZbNYDLKG/	noindex,follow
/new-design/archivo/BsG2aEhBh0u/	https://demoreto.com/archivo/BsG2aEhBh0u/	noindex,follow
/new-design/archivo/CGuPNmkDY5m/	https://demoreto.com/archivo/CGuPNmkDY5m/	noindex,follow
/new-design/archivo/B65WAVTiMZu/	https://demoreto.com/archivo/B65WAVTiMZu/	noindex,follow
/new-design/archivo/CKeWEcQD9eo/	https://demoreto.com/archivo/CKeWEcQD9eo/	noindex,follow
/new-design/archivo/B7B6r79C0Se/	https://demoreto.com/archivo/B7B6r79C0Se/	noindex,follow
/new-design/archivo/Bxzq-xNiJXw/	https://demoreto.com/archivo/Bxzq-xNiJXw/	noindex,follow
/new-design/archivo/Cbuvs9dq4tP/	https://demoreto.com/archivo/Cbuvs9dq4tP/	noindex,follow
/new-design/archivo/CEL9SM_DliU/	https://demoreto.com/archivo/CEL9SM_DliU/	noindex,follow
/new-design/archivo/B15s1fli0AV/	https://demoreto.com/archivo/B15s1fli0AV/	noindex,follow
/new-design/archivo/CLZYraTD__V/	https://demoreto.com/archivo/CLZYraTD__V/	noindex,follow
/new-design/archivo/B5afsE4q_5m/	https://demoreto.com/archivo/B5afsE4q_5m/	noindex,follow
/new-design/archivo/BxJ7XJlh0Me/	https://demoreto.com/archivo/BxJ7XJlh0Me/	noindex,follow
/new-design/archivo/CGhPnQFj9Pv/	https://demoreto.com/archivo/CGhPnQFj9Pv/	noindex,follow
/new-design/archivo/BvbdvC4nKfd/	https://demoreto.com/archivo/BvbdvC4nKfd/	noindex,follow
/new-design/archivo/Bz_DXfqloI8/	https://demoreto.com/archivo/Bz_DXfqloI8/	noindex,follow
/new-design/archivo/Bv_4ybuAxNY/	https://demoreto.com/archivo/Bv_4ybuAxNY/	noindex,follow
/new-design/archivo/B1rjgPqC_No/	https://demoreto.com/archivo/B1rjgPqC_No/	noindex,follow
/new-design/archivo/CpUxKd9j7q6/	https://demoreto.com/archivo/CpUxKd9j7q6/	noindex,follow
/new-design/archivo/B2jGmodD8Ap/	https://demoreto.com/archivo/B2jGmodD8Ap/	noindex,follow
/new-design/archivo/Bv_5tG0gNu_/	https://demoreto.com/archivo/Bv_5tG0gNu_/	noindex,follow
/new-design/archivo/BtQaFr9HBdO/	https://demoreto.com/archivo/BtQaFr9HBdO/	noindex,follow
/new-design/archivo/Bv_5Gj1gQ_j/	https://demoreto.com/archivo/Bv_5Gj1gQ_j/	noindex,follow
/new-design/archivo/B15tNlXCSL7/	https://demoreto.com/archivo/B15tNlXCSL7/	noindex,follow
/new-design/archivo/CCF3huFjJ_C/	https://demoreto.com/archivo/CCF3huFjJ_C/	noindex,follow
/new-design/archivo/CIocEuTjTvv/	https://demoreto.com/archivo/CIocEuTjTvv/	noindex,follow
/new-design/archivo/CFhaqlvDJg5/	https://demoreto.com/archivo/CFhaqlvDJg5/	noindex,follow
/new-design/archivo/CDT27_FDlP6/	https://demoreto.com/archivo/CDT27_FDlP6/	noindex,follow
/new-design/archivo/Bvbe6aTHtIN/	https://demoreto.com/archivo/Bvbe6aTHtIN/	noindex,follow
/new-design/archivo/Cb8IjyHD99i/	https://demoreto.com/archivo/Cb8IjyHD99i/	noindex,follow
/new-design/archivo/CKWGazXjErD/	https://demoreto.com/archivo/CKWGazXjErD/	noindex,follow
/new-design/archivo/BvbZqoSnbJY/	https://demoreto.com/archivo/BvbZqoSnbJY/	noindex,follow
/new-design/archivo/CYbZ9K4DM0h/	https://demoreto.com/archivo/CYbZ9K4DM0h/	noindex,follow
/new-design/archivo/B1ribdTi6qC/	https://demoreto.com/archivo/B1ribdTi6qC/	noindex,follow
/new-design/archivo/CIysj5Hj5X0/	https://demoreto.com/archivo/CIysj5Hj5X0/	noindex,follow
/new-design/archivo/Bvet3qCn1x6/	https://demoreto.com/archivo/Bvet3qCn1x6/	noindex,follow
/new-design/archivo/BvaDh5MHzo9/	https://demoreto.com/archivo/BvaDh5MHzo9/	noindex,follow
/new-design/archivo/BxJ7OF0Bldb/	https://demoreto.com/archivo/BxJ7OF0Bldb/	noindex,follow
/new-design/archivo/BvbkCqHHh7f/	https://demoreto.com/archivo/BvbkCqHHh7f/	noindex,follow
/new-design/archivo/Bsik0Aah-3o/	https://demoreto.com/archivo/Bsik0Aah-3o/	noindex,follow
/new-design/archivo/Bv_44BGA1wL/	https://demoreto.com/archivo/Bv_44BGA1wL/	noindex,follow
/new-design/archivo/BtQaVnoHA9l/	https://demoreto.com/archivo/BtQaVnoHA9l/	noindex,follow
/new-design/archivo/BymoaONCfNb/	https://demoreto.com/archivo/BymoaONCfNb/	noindex,follow
/new-design/archivo/CCVwTpGj22z/	https://demoreto.com/archivo/CCVwTpGj22z/	noindex,follow
/new-design/archivo/CbFjWUWKX_S/	https://demoreto.com/archivo/CbFjWUWKX_S/	noindex,follow
/new-design/archivo/BxkOuvUid6b/	https://demoreto.com/archivo/BxkOuvUid6b/	noindex,follow
/new-design/archivo/CLthKAnjnO9/	https://demoreto.com/archivo/CLthKAnjnO9/	noindex,follow
/new-design/archivo/B76SYE5iAMb/	https://demoreto.com/archivo/B76SYE5iAMb/	noindex,follow
/new-design/archivo/Bsil7asBw57/	https://demoreto.com/archivo/Bsil7asBw57/	noindex,follow
/new-design/archivo/Bv3UVRDA09V/	https://demoreto.com/archivo/Bv3UVRDA09V/	noindex,follow
/new-design/archivo/Bz_A1CCiFiU/	https://demoreto.com/archivo/Bz_A1CCiFiU/	noindex,follow
/new-design/archivo/BvzJwHOgYFJ/	https://demoreto.com/archivo/BvzJwHOgYFJ/	noindex,follow
/new-design/archivo/B_o6Hz4DHmY/	https://demoreto.com/archivo/B_o6Hz4DHmY/	noindex,follow
/new-design/archivo/CO_HrYuDChE/	https://demoreto.com/archivo/CO_HrYuDChE/	noindex,follow
/new-design/archivo/B6z9_qiitsC/	https://demoreto.com/archivo/B6z9_qiitsC/	noindex,follow
/new-design/archivo/CJED39bDFIq/	https://demoreto.com/archivo/CJED39bDFIq/	noindex,follow
/new-design/archivo/CGCl2jGjWkN/	https://demoreto.com/archivo/CGCl2jGjWkN/	noindex,follow
/new-design/archivo/Bu3im2_ny_S/	https://demoreto.com/archivo/Bu3im2_ny_S/	noindex,follow
/new-design/archivo/B1rid-FCstU/	https://demoreto.com/archivo/B1rid-FCstU/	noindex,follow
/new-design/archivo/BveuRkjn5f-/	https://demoreto.com/archivo/BveuRkjn5f-/	noindex,follow
/new-design/archivo/CAPabSfj3Og/	https://demoreto.com/archivo/CAPabSfj3Og/	noindex,follow
/new-design/archivo/CUIHAQkjtJg/	https://demoreto.com/archivo/CUIHAQkjtJg/	noindex,follow
/new-design/archivo/BvbnMF1nOpq/	https://demoreto.com/archivo/BvbnMF1nOpq/	noindex,follow
/new-design/archivo/BvbdLkWHByg/	https://demoreto.com/archivo/BvbdLkWHByg/	noindex,follow
/new-design/archivo/BvbjYJKn8O3/	https://demoreto.com/archivo/BvbjYJKn8O3/	noindex,follow
/new-design/archivo/BvlkQ0qnqZ8/	https://demoreto.com/archivo/BvlkQ0qnqZ8/	noindex,follow
/new-design/archivo/Bu3k5xdHga5/	https://demoreto.com/archivo/Bu3k5xdHga5/	noindex,follow
/new-design/archivo/B2jGiSDjazY/	https://demoreto.com/archivo/B2jGiSDjazY/	noindex,follow
/new-design/archivo/B1ri9ATCo6f/	https://demoreto.com/archivo/B1ri9ATCo6f/	noindex,follow
/new-design/archivo/B83QbGaKTqE/	https://demoreto.com/archivo/B83QbGaKTqE/	noindex,follow
